Name,Time,X,Y,Layer,Observed,Computed,Weight,Group,Residual
EF-6,122.000000,2273242.691232,10433120.857663,11,2.718000e+01,5.014780e+01,1.000000,1,-2.296780e+01
EF-6,395.000000,2273242.691232,10433120.857663,11,2.169000e+01,4.871077e+01,1.000000,1,-2.702077e+01
EF-6,851.000000,2273242.691232,10433120.857663,11,2.801000e+01,3.115838e+01,1.000000,1,-3.148378e+00
EF-6,1215.000000,2273242.691232,10433120.857663,11,2.027000e+01,3.039445e+01,1.000000,1,-1.012445e+01
EF-6,1471.000000,2273242.691232,10433120.857663,11,2.039000e+01,3.278357e+01,1.000000,1,-1.239357e+01
EF-6,1830.000000,2273242.691232,10433120.857663,11,2.101000e+01,3.848190e+01,1.000000,1,-1.747190e+01
EF-6,2523.000000,2273242.691232,10433120.857663,11,2.095000e+01,5.073109e+01,1.000000,1,-2.978109e+01
EF-6,2916.000000,2273242.691232,10433120.857663,11,4.106000e+01,5.661715e+01,1.000000,1,-1.555715e+01
EF-6,3063.000000,2273242.691232,10433120.857663,11,4.049000e+01,5.827874e+01,1.000000,1,-1.778874e+01
EF-6,3593.000000,2273242.691232,10433120.857663,11,5.663000e+01,6.297365e+01,1.000000,1,-6.343653e+00
EF-6,3961.000000,2273242.691232,10433120.857663,11,6.513000e+01,6.467213e+01,1.000000,1,4.578697e-01
EF-6,4133.000000,2273242.691232,10433120.857663,11,3.964000e+01,6.514948e+01,1.000000,1,-2.550948e+01
EF-6,4527.000000,2273242.691232,10433120.857663,11,7.079000e+01,6.587842e+01,1.000000,1,4.911578e+00
EF-6,4882.000000,2273242.691232,10433120.857663,11,5.239000e+01,6.638497e+01,1.000000,1,-1.399497e+01
EF-6,5259.000000,2273242.691232,10433120.857663,11,5.522000e+01,6.674788e+01,1.000000,1,-1.152788e+01
EF-6,5812.000000,2273242.691232,10433120.857663,11,6.796000e+01,6.660682e+01,1.000000,1,1.353180e+00
EF-6,5982.000000,2273242.691232,10433120.857663,11,7.164000e+01,6.650243e+01,1.000000,1,5.137566e+00
EF-6,6353.000000,2273242.691232,10433120.857663,11,6.994000e+01,6.592086e+01,1.000000,1,4.019140e+00
EF-13,295.000000,2276692.261783,10434697.098939,12,8.211900e+02,6.488318e+02,1.000000,1,1.723582e+02
EF-19,121.000000,2273915.060991,10436574.040973,12,1.591000e+01,7.578988e+01,1.000000,1,-5.987988e+01
EF-2,299.000000,2273869.601856,10431619.211342,12,1.116000e+01,2.571895e+00,1.000000,1,8.588105e+00
EF-23,170.000000,2276049.840906,10435911.973837,12,1.020000e+00,3.277044e+00,1.000000,1,-2.257044e+00
EF-24,295.000000,2276561.626060,10435169.680274,12,2.149200e+02,2.107086e+02,1.000000,1,4.211428e+00
EF-25,302.000000,2274743.926342,10435815.210631,12,2.548510e+03,1.984008e+03,1.000000,1,5.645023e+02
EF-26,171.000000,2274048.491920,10436100.425945,12,3.171500e+02,4.085373e+02,1.000000,1,-9.138732e+01
EF-4,169.000000,2274470.524225,10431440.412097,12,7.400000e-01,3.367005e-03,1.000000,1,7.366330e-01
EF-5,172.000000,2274119.314714,10432636.681682,12,1.784000e+02,8.909018e+01,1.000000,1,8.930982e+01
GW-20A,295.000000,2276957.183291,10433789.031615,12,2.675940e+03,1.029393e+03,1.000000,1,1.646547e+03
H-56,302.000000,2275435.321485,10434308.521084,12,1.766970e+03,1.929018e+03,1.000000,1,-1.620482e+02
MW-11A,295.000000,2274426.631305,10431936.138956,12,6.003200e+02,1.050441e+02,1.000000,1,4.952759e+02
MW-4,122.000000,2277596.902846,10431375.977384,12,7.504000e+02,6.305538e+02,1.000000,1,1.198462e+02
MW-6A,170.000000,2273989.961200,10432455.777398,12,4.800000e-01,7.882188e+01,1.000000,1,-7.834188e+01
MW-8A,94.000000,2276033.012996,10435221.242882,12,2.106770e+03,1.633786e+03,1.000000,1,4.729836e+02
MW-8A,487.000000,2276033.012996,10435221.242882,12,1.196100e+03,1.673137e+03,1.000000,1,-4.770369e+02
MW-9,170.000000,2277033.770472,10435224.060540,12,2.500000e-01,1.319305e+00,1.000000,1,-1.069305e+00
OW-UT-9,170.000000,2276924.222722,10433474.251050,12,2.474890e+03,1.412020e+03,1.000000,1,1.062870e+03
OW-UT-9,566.000000,2276924.222722,10433474.251050,12,2.467810e+03,1.546551e+03,1.000000,1,9.212594e+02
OW-UT-9,753.000000,2276924.222722,10433474.251050,12,2.551350e+03,1.665838e+03,1.000000,1,8.855116e+02
OW-UT-9,1388.000000,2276924.222722,10433474.251050,12,1.704670e+03,1.849660e+03,1.000000,1,-1.449896e+02
OW-UT-9,1607.000000,2276924.222722,10433474.251050,12,2.273840e+03,1.875474e+03,1.000000,1,3.983659e+02
OW-UT-9,1833.000000,2276924.222722,10433474.251050,12,2.616470e+03,1.894090e+03,1.000000,1,7.223800e+02
OW-UT-9,2265.000000,2276924.222722,10433474.251050,12,2.418260e+03,1.907858e+03,1.000000,1,5.104017e+02
OW-UT-9,2913.000000,2276924.222722,10433474.251050,12,2.548510e+03,1.911204e+03,1.000000,1,6.373058e+02
OW-UT-9,3062.000000,2276924.222722,10433474.251050,12,2.098280e+03,1.909638e+03,1.000000,1,1.886416e+02
OW-UT-9,3443.000000,2276924.222722,10433474.251050,12,2.607980e+03,1.903655e+03,1.000000,1,7.043248e+02
OW-UT-9,3849.000000,2276924.222722,10433474.251050,12,2.797700e+03,1.891642e+03,1.000000,1,9.060581e+02
OW-UT-9,4364.000000,2276924.222722,10433474.251050,12,2.636300e+03,1.865887e+03,1.000000,1,7.704135e+02
OW-UT-9,4527.000000,2276924.222722,10433474.251050,12,2.531520e+03,1.854509e+03,1.000000,1,6.770115e+02
OW-UT-9,4882.000000,2276924.222722,10433474.251050,12,2.324810e+03,1.829826e+03,1.000000,1,4.949836e+02
OW-UT-9,5262.000000,2276924.222722,10433474.251050,12,2.395600e+03,1.802339e+03,1.000000,1,5.932613e+02
OW-UT-9,5533.000000,2276924.222722,10433474.251050,12,2.406930e+03,1.778923e+03,1.000000,1,6.280070e+02
OW-UT-9,5902.000000,2276924.222722,10433474.251050,12,2.489050e+03,1.739712e+03,1.000000,1,7.493377e+02
OW-UT-9,6275.000000,2276924.222722,10433474.251050,12,2.474890e+03,1.691850e+03,1.000000,1,7.830402e+02
RW-1,123.000000,2276464.512424,10434170.258486,12,4.672270e+03,3.168438e+03,1.000000,1,1.503832e+03
RW-2,172.000000,2277441.765666,10434039.150926,12,1.050550e+03,5.991824e+02,1.000000,1,4.513676e+02
EF-3A,295.000000,2274132.874014,10431783.236983,12,3.992700e+02,9.799712e+00,1.000000,1,3.894703e+02
EF-3A,641.000000,2274132.874014,10431783.236983,12,5.020600e+02,9.476187e+00,1.000000,1,4.925838e+02
EF-3A,753.000000,2274132.874014,10431783.236983,12,5.485000e+02,9.199196e+00,1.000000,1,5.393008e+02
EF-3A,1292.000000,2274132.874014,10431783.236983,12,5.521800e+02,5.373453e+00,1.000000,1,5.468065e+02
EF-3A,1753.000000,2274132.874014,10431783.236983,12,7.107500e+02,3.144452e+00,1.000000,1,7.076055e+02
EF-3A,1964.000000,2274132.874014,10431783.236983,12,6.994300e+02,2.441643e+00,1.000000,1,6.969884e+02
EF-3A,2523.000000,2274132.874014,10431783.236983,12,7.220800e+02,1.176134e+00,1.000000,1,7.209039e+02
EF-3A,2643.000000,2274132.874014,10431783.236983,12,5.861600e+02,1.011509e+00,1.000000,1,5.851485e+02
EF-3A,3062.000000,2274132.874014,10431783.236983,12,5.125300e+02,5.794046e-01,1.000000,1,5.119506e+02
EF-3A,3596.000000,2274132.874014,10431783.236983,12,6.796000e+02,2.742782e-01,1.000000,1,6.793257e+02
EF-3A,3961.000000,2274132.874014,10431783.236983,12,7.787100e+02,1.649563e-01,1.000000,1,7.785450e+02
EF-3A,4167.000000,2274132.874014,10431783.236983,12,7.447300e+02,1.253557e-01,1.000000,1,7.446046e+02
EF-3A,4525.000000,2274132.874014,10431783.236983,12,6.116400e+02,7.718729e-02,1.000000,1,6.115628e+02
EF-3A,4882.000000,2274132.874014,10431783.236983,12,5.974800e+02,4.985820e-02,1.000000,1,5.974301e+02
EF-3A,5349.000000,2274132.874014,10431783.236983,12,6.229700e+02,3.328333e-02,1.000000,1,6.229367e+02
EF-3A,5807.000000,2274132.874014,10431783.236983,12,6.088100e+02,2.991826e-02,1.000000,1,6.087801e+02
EF-3A,5982.000000,2274132.874014,10431783.236983,12,5.833300e+02,3.042402e-02,1.000000,1,5.832996e+02
EF-3A,6211.000000,2274132.874014,10431783.236983,12,6.088100e+02,3.136596e-02,1.000000,1,6.087786e+02
EF-8,395.000000,2273450.848064,10432071.060857,12,7.100000e-01,5.874593e-10,1.000000,1,7.100000e-01
EF-8,1026.000000,2273450.848064,10432071.060857,12,8.500000e-01,6.004741e-09,1.000000,1,8.500000e-01
EF-8,1388.000000,2273450.848064,10432071.060857,12,8.600000e-01,2.272141e-08,1.000000,1,8.600000e-01
EF-8,1471.000000,2273450.848064,10432071.060857,12,1.610000e+00,3.052320e-08,1.000000,1,1.610000e+00
EF-8,2124.000000,2273450.848064,10432071.060857,12,2.970000e+00,1.183712e-06,1.000000,1,2.969999e+00
EF-8,2523.000000,2273450.848064,10432071.060857,12,5.180000e+00,1.157289e-05,1.000000,1,5.179988e+00
EF-8,2916.000000,2273450.848064,10432071.060857,12,9.400000e+00,1.143348e-04,1.000000,1,9.399886e+00
EF-8,3264.000000,2273450.848064,10432071.060857,12,1.311000e+01,8.103706e-04,1.000000,1,1.310919e+01
EF-8,3591.000000,2273450.848064,10432071.060857,12,1.886000e+01,3.941626e-03,1.000000,1,1.885606e+01
EF-8,4001.000000,2273450.848064,10432071.060857,12,2.478000e+01,1.675868e-02,1.000000,1,2.476324e+01
EF-8,4336.000000,2273450.848064,10432071.060857,12,3.058000e+01,4.358791e-02,1.000000,1,3.053641e+01
EF-8,4714.000000,2273450.848064,10432071.060857,12,3.823000e+01,9.351180e-02,1.000000,1,3.813649e+01
EF-8,5077.000000,2273450.848064,10432071.060857,12,4.219000e+01,1.556879e-01,1.000000,1,4.203431e+01
EF-8,5168.000000,2273450.848064,10432071.060857,12,5.578000e+01,1.708648e-01,1.000000,1,5.560914e+01
EF-8,5806.000000,2273450.848064,10432071.060857,12,6.230000e+01,2.604318e-01,1.000000,1,6.203957e+01
EF-8,6092.000000,2273450.848064,10432071.060857,12,7.079000e+01,2.806134e-01,1.000000,1,7.050939e+01
EF-8,6274.000000,2273450.848064,10432071.060857,12,7.617000e+01,2.888568e-01,1.000000,1,7.588114e+01
H-63,297.000000,2277890.919369,10430706.025055,12,7.100000e-01,1.195173e-02,1.000000,1,6.980483e-01
H-63,395.000000,2277890.919369,10430706.025055,12,4.800000e-01,1.221345e-02,1.000000,1,4.677865e-01
H-63,1026.000000,2277890.919369,10430706.025055,12,4.200000e-01,1.465702e-02,1.000000,1,4.053430e-01
H-63,1388.000000,2277890.919369,10430706.025055,12,3.800000e-01,1.274944e-02,1.000000,1,3.672506e-01
H-63,1542.000000,2277890.919369,10430706.025055,12,9.700000e-01,1.175629e-02,1.000000,1,9.582437e-01
H-63,1830.000000,2277890.919369,10430706.025055,12,3.900000e-01,9.798462e-03,1.000000,1,3.802015e-01
H-63,2200.000000,2277890.919369,10430706.025055,12,3.100000e-01,7.532395e-03,1.000000,1,3.024676e-01
H-63,2915.000000,2277890.919369,10430706.025055,12,2.900000e-01,4.345899e-03,1.000000,1,2.856541e-01
H-63,3062.000000,2277890.919369,10430706.025055,12,3.200000e-01,3.906120e-03,1.000000,1,3.160939e-01
H-63,3594.000000,2277890.919369,10430706.025055,12,3.880000e+00,2.564454e-03,1.000000,1,3.877436e+00
H-63,3786.000000,2277890.919369,10430706.025055,12,3.200000e-01,2.214416e-03,1.000000,1,3.177856e-01
H-63,4167.000000,2277890.919369,10430706.025055,12,3.300000e-01,1.661564e-03,1.000000,1,3.283384e-01
H-63,4527.000000,2277890.919369,10430706.025055,12,7.400000e-01,1.401710e-03,1.000000,1,7.385983e-01
H-63,4883.000000,2277890.919369,10430706.025055,12,2.700000e-01,3.174730e-03,1.000000,1,2.668253e-01
H-63,5260.000000,2277890.919369,10430706.025055,12,2.700000e-01,8.316623e-03,1.000000,1,2.616834e-01
H-63,5807.000000,2277890.919369,10430706.025055,12,2.400000e-01,1.466346e-02,1.000000,1,2.253365e-01
H-63,5983.000000,2277890.919369,10430706.025055,12,2.900000e-01,1.861819e-02,1.000000,1,2.713818e-01
H-63,6212.000000,2277890.919369,10430706.025055,12,2.400000e-01,2.454627e-02,1.000000,1,2.154537e-01
LW-1,1072.000000,2276909.102418,10436840.126037,12,2.500000e-01,0.000000e+00,1.000000,1,2.500000e-01
LW-1,1291.000000,2276909.102418,10436840.126037,12,7.400000e-01,0.000000e+00,1.000000,1,7.400000e-01
LW-1,1542.000000,2276909.102418,10436840.126037,12,4.600000e-01,0.000000e+00,1.000000,1,4.600000e-01
LW-1,1829.000000,2276909.102418,10436840.126037,12,1.000000e-01,0.000000e+00,1.000000,1,1.000000e-01
LW-1,2263.000000,2276909.102418,10436840.126037,12,7.000000e-02,0.000000e+00,1.000000,1,7.000000e-02
LW-1,2914.000000,2276909.102418,10436840.126037,12,6.000000e-02,0.000000e+00,1.000000,1,6.000000e-02
LW-1,3061.000000,2276909.102418,10436840.126037,12,8.000000e-02,0.000000e+00,1.000000,1,8.000000e-02
LW-1,3442.000000,2276909.102418,10436840.126037,12,1.300000e-01,0.000000e+00,1.000000,1,1.300000e-01
LW-1,3959.000000,2276909.102418,10436840.126037,12,6.000000e-02,0.000000e+00,1.000000,1,6.000000e-02
LW-1,4167.000000,2276909.102418,10436840.126037,12,8.000000e-02,0.000000e+00,1.000000,1,8.000000e-02
LW-1,4528.000000,2276909.102418,10436840.126037,12,5.000000e-02,0.000000e+00,1.000000,1,5.000000e-02
LW-1,4883.000000,2276909.102418,10436840.126037,12,9.000000e-02,0.000000e+00,1.000000,1,9.000000e-02
LW-1,5260.000000,2276909.102418,10436840.126037,12,8.000000e-02,0.000000e+00,1.000000,1,8.000000e-02
LW-1,5609.000000,2276909.102418,10436840.126037,12,1.500000e-01,0.000000e+00,1.000000,1,1.500000e-01
LW-1,5981.000000,2276909.102418,10436840.126037,12,7.000000e-02,0.000000e+00,1.000000,1,7.000000e-02
LW-1,6357.000000,2276909.102418,10436840.126037,12,9.000000e-02,1.387779e-17,1.000000,1,9.000000e-02
MW-100,3447.000000,2276873.251681,10436826.560577,9,1.600000e-01,0.000000e+00,1.000000,1,1.600000e-01
MW-100,3784.000000,2276873.251681,10436826.560577,9,1.200000e-01,0.000000e+00,1.000000,1,1.200000e-01
MW-100,4528.000000,2276873.251681,10436826.560577,9,1.200000e-01,0.000000e+00,1.000000,1,1.200000e-01
MW-100,4883.000000,2276873.251681,10436826.560577,9,2.000000e-01,0.000000e+00,1.000000,1,2.000000e-01
MW-100,5260.000000,2276873.251681,10436826.560577,9,8.000000e-02,0.000000e+00,1.000000,1,8.000000e-02
MW-100,5806.000000,2276873.251681,10436826.560577,9,9.000000e-02,0.000000e+00,1.000000,1,9.000000e-02
MW-100,5981.000000,2276873.251681,10436826.560577,9,1.000000e-01,0.000000e+00,1.000000,1,1.000000e-01
MW-100,6212.000000,2276873.251681,10436826.560577,9,1.000000e-01,0.000000e+00,1.000000,1,1.000000e-01
MW-101,3446.000000,2274569.475712,10435901.019567,12,2.160570e+03,1.519055e+03,1.000000,1,6.415151e+02
MW-101,3787.000000,2274569.475712,10435901.019567,12,2.118100e+03,1.585328e+03,1.000000,1,5.327725e+02
MW-101,4528.000000,2274569.475712,10435901.019567,12,1.699010e+03,1.714209e+03,1.000000,1,-1.519909e+01
MW-101,4883.000000,2274569.475712,10435901.019567,12,1.642380e+03,1.679569e+03,1.000000,1,-3.718918e+01
MW-101,5352.000000,2274569.475712,10435901.019567,12,1.670690e+03,1.671572e+03,1.000000,1,-8.820068e-01
MW-101,5611.000000,2274569.475712,10435901.019567,12,1.563090e+03,1.612762e+03,1.000000,1,-4.967202e+01
MW-101,5986.000000,2274569.475712,10435901.019567,12,1.370530e+03,1.463667e+03,1.000000,1,-9.313715e+01
MW-101,6210.000000,2274569.475712,10435901.019567,12,1.404510e+03,1.379054e+03,1.000000,1,2.545629e+01
MW-102,3446.000000,2276098.600037,10434632.795167,12,4.190890e+03,1.776356e+03,1.000000,1,2.414534e+03
MW-102,3960.000000,2276098.600037,10434632.795167,12,3.851090e+03,1.462071e+03,1.000000,1,2.389019e+03
MW-102,4526.000000,2276098.600037,10434632.795167,12,3.596240e+03,1.182594e+03,1.000000,1,2.413646e+03
MW-102,4883.000000,2276098.600037,10434632.795167,12,3.086530e+03,1.040608e+03,1.000000,1,2.045922e+03
MW-102,5260.000000,2276098.600037,10434632.795167,12,3.426330e+03,9.451871e+02,1.000000,1,2.481143e+03
MW-102,5610.000000,2276098.600037,10434632.795167,12,2.792040e+03,8.655757e+02,1.000000,1,1.926464e+03
MW-102,6209.000000,2276098.600037,10434632.795167,12,2.344630e+03,7.296534e+02,1.000000,1,1.614977e+03
MW-102,6351.000000,2276098.600037,10434632.795167,12,1.953860e+03,7.192407e+02,1.000000,1,1.234619e+03
MW-104,3447.000000,2277722.344848,10431873.339924,10,5.950000e+00,5.947444e-01,1.000000,1,5.355256e+00
MW-104,3822.000000,2277722.344848,10431873.339924,10,4.810000e+00,7.653630e-01,1.000000,1,4.044637e+00
MW-104,4529.000000,2277722.344848,10431873.339924,10,6.310000e+00,3.809549e+00,1.000000,1,2.500451e+00
MW-104,4881.000000,2277722.344848,10431873.339924,10,4.500000e+00,6.077687e+00,1.000000,1,-1.577687e+00
MW-104,5259.000000,2277722.344848,10431873.339924,10,4.870000e+00,6.381425e+00,1.000000,1,-1.511425e+00
MW-104,5610.000000,2277722.344848,10431873.339924,10,3.600000e+00,6.349470e+00,1.000000,1,-2.749470e+00
MW-104,5983.000000,2277722.344848,10431873.339924,10,7.790000e+00,5.662704e+00,1.000000,1,2.127296e+00
MW-104,6358.000000,2277722.344848,10431873.339924,10,4.220000e+00,4.696333e+00,1.000000,1,-4.763328e-01
MW-105,3447.000000,2276340.268814,10430608.651752,9,6.500000e-01,8.449713e-01,1.000000,1,-1.949713e-01
MW-105,3786.000000,2276340.268814,10430608.651752,9,6.200000e-01,8.354094e-01,1.000000,1,-2.154094e-01
MW-105,4527.000000,2276340.268814,10430608.651752,9,3.800000e-01,8.107905e-01,1.000000,1,-4.307905e-01
MW-105,4883.000000,2276340.268814,10430608.651752,9,4.900000e-01,7.955899e-01,1.000000,1,-3.055899e-01
MW-105,5259.000000,2276340.268814,10430608.651752,9,4.300000e-01,7.837899e-01,1.000000,1,-3.537899e-01
MW-105,5806.000000,2276340.268814,10430608.651752,9,5.200000e-01,7.775890e-01,1.000000,1,-2.575890e-01
MW-105,5983.000000,2276340.268814,10430608.651752,9,5.500000e-01,7.762028e-01,1.000000,1,-2.262028e-01
MW-105,6356.000000,2276340.268814,10430608.651752,9,5.100000e-01,7.741463e-01,1.000000,1,-2.641463e-01
MW-108,3786.000000,2270074.104457,10436365.050174,10,3.000000e-01,7.231146e-03,1.000000,1,2.927689e-01
MW-108,4524.000000,2270074.104457,10436365.050174,10,2.400000e-01,7.369350e-02,1.000000,1,1.663065e-01
MW-108,4881.000000,2270074.104457,10436365.050174,10,2.400000e-01,1.596388e-01,1.000000,1,8.036118e-02
MW-108,5350.000000,2270074.104457,10436365.050174,10,2.500000e-01,3.627225e-01,1.000000,1,-1.127225e-01
MW-108,5609.000000,2270074.104457,10436365.050174,10,2.700000e-01,5.250045e-01,1.000000,1,-2.550045e-01
MW-108,5981.000000,2270074.104457,10436365.050174,10,3.000000e-01,8.334407e-01,1.000000,1,-5.334407e-01
MW-108,6352.000000,2270074.104457,10436365.050174,10,2.500000e-01,1.254701e+00,1.000000,1,-1.004701e+00
MW-109,3959.000000,2272736.056364,10436055.869256,12,8.070000e+01,1.145425e+03,1.000000,1,-1.064725e+03
MW-109,4134.000000,2272736.056364,10436055.869256,12,1.019400e+02,1.203793e+03,1.000000,1,-1.101853e+03
MW-109,4526.000000,2272736.056364,10436055.869256,12,1.330900e+02,1.273112e+03,1.000000,1,-1.140022e+03
MW-109,4883.000000,2272736.056364,10436055.869256,12,1.302600e+02,1.260775e+03,1.000000,1,-1.130515e+03
MW-109,5259.000000,2272736.056364,10436055.869256,12,7.249000e+01,1.190382e+03,1.000000,1,-1.117892e+03
MW-109,5805.000000,2272736.056364,10436055.869256,12,2.004800e+02,1.048541e+03,1.000000,1,-8.480612e+02
MW-109,5986.000000,2272736.056364,10436055.869256,12,2.200200e+02,9.959423e+02,1.000000,1,-7.759223e+02
MW-109,6210.000000,2272736.056364,10436055.869256,12,5.040000e+01,9.309432e+02,1.000000,1,-8.805432e+02
MW-112,3960.000000,2271690.839421,10433902.035640,7,2.700000e-01,3.077478e-05,1.000000,1,2.699692e-01
MW-112,4527.000000,2271690.839421,10433902.035640,7,4.100000e-01,6.863273e-05,1.000000,1,4.099314e-01
MW-112,4882.000000,2271690.839421,10433902.035640,7,2.500000e-01,1.026031e-04,1.000000,1,2.498974e-01
MW-112,5259.000000,2271690.839421,10433902.035640,7,3.100000e-01,1.437565e-04,1.000000,1,3.098562e-01
MW-112,5609.000000,2271690.839421,10433902.035640,7,2.600000e-01,1.825357e-04,1.000000,1,2.598175e-01
MW-112,5982.000000,2271690.839421,10433902.035640,7,2.800000e-01,2.239989e-04,1.000000,1,2.797760e-01
MW-112,6210.000000,2271690.839421,10433902.035640,7,2.500000e-01,2.498610e-04,1.000000,1,2.497501e-01
MW-113,3961.000000,2273219.458068,10433150.586144,7,4.502000e+01,5.500076e+00,1.000000,1,3.951992e+01
MW-113,4527.000000,2273219.458068,10433150.586144,7,4.672000e+01,5.682901e+00,1.000000,1,4.103710e+01
MW-113,4882.000000,2273219.458068,10433150.586144,7,3.879000e+01,5.794524e+00,1.000000,1,3.299548e+01
MW-113,5259.000000,2273219.458068,10433150.586144,7,4.049000e+01,5.919005e+00,1.000000,1,3.457099e+01
MW-113,5610.000000,2273219.458068,10433150.586144,7,4.163000e+01,5.974772e+00,1.000000,1,3.565523e+01
MW-113,5982.000000,2273219.458068,10433150.586144,7,4.786000e+01,6.019160e+00,1.000000,1,4.184084e+01
MW-113,6211.000000,2273219.458068,10433150.586144,7,3.766000e+01,6.061284e+00,1.000000,1,3.159872e+01
MW-114,3787.000000,2272232.846841,10433025.616381,8,3.900000e-01,1.393172e-08,1.000000,1,3.900000e-01
MW-114,4527.000000,2272232.846841,10433025.616381,8,2.000000e-01,8.883262e-08,1.000000,1,1.999999e-01
MW-114,4882.000000,2272232.846841,10433025.616381,8,1.800000e-01,2.147542e-07,1.000000,1,1.799998e-01
MW-114,5259.000000,2272232.846841,10433025.616381,8,2.100000e-01,5.111131e-07,1.000000,1,2.099995e-01
MW-114,5609.000000,2272232.846841,10433025.616381,8,2.100000e-01,1.081083e-06,1.000000,1,2.099989e-01
MW-114,5982.000000,2272232.846841,10433025.616381,8,1.700000e-01,2.425239e-06,1.000000,1,1.699976e-01
MW-114,6210.000000,2272232.846841,10433025.616381,8,1.900000e-01,3.695045e-06,1.000000,1,1.899963e-01
MW-115M,3788.000000,2273449.420146,10432033.079130,9,1.380000e+00,1.649717e-03,1.000000,1,1.378350e+00
MW-115M,4133.000000,2273449.420146,10432033.079130,9,3.700000e-01,4.885517e-03,1.000000,1,3.651145e-01
MW-115M,4525.000000,2273449.420146,10432033.079130,9,4.800000e-01,1.266856e-02,1.000000,1,4.673314e-01
MW-115M,4882.000000,2273449.420146,10432033.079130,9,6.400000e-01,2.372998e-02,1.000000,1,6.162700e-01
MW-115M,5259.000000,2273449.420146,10432033.079130,9,5.700000e-01,3.760496e-02,1.000000,1,5.323950e-01
MW-115M,5810.000000,2273449.420146,10432033.079130,9,6.300000e-01,5.597300e-02,1.000000,1,5.740270e-01
MW-115M,5982.000000,2273449.420146,10432033.079130,9,6.700000e-01,5.988027e-02,1.000000,1,6.101197e-01
MW-115M,6353.000000,2273449.420146,10432033.079130,9,6.900000e-01,6.575504e-02,1.000000,1,6.242450e-01
MW-115S,3787.000000,2273498.462710,10432027.410130,5,5.000000e-01,5.049541e-03,1.000000,1,4.949505e-01
MW-115S,4525.000000,2273498.462710,10432027.410130,5,4.100000e-01,1.725425e-02,1.000000,1,3.927457e-01
MW-115S,4882.000000,2273498.462710,10432027.410130,5,4.700000e-01,2.475778e-02,1.000000,1,4.452422e-01
MW-115S,5259.000000,2273498.462710,10432027.410130,5,6.600000e-01,3.157215e-02,1.000000,1,6.284278e-01
MW-115S,5810.000000,2273498.462710,10432027.410130,5,8.400000e-01,3.733837e-02,1.000000,1,8.026616e-01
MW-115S,5982.000000,2273498.462710,10432027.410130,5,1.140000e+00,3.769770e-02,1.000000,1,1.102302e+00
MW-115S,6353.000000,2273498.462710,10432027.410130,5,8.300000e-01,3.736475e-02,1.000000,1,7.926352e-01
MW-117M,3961.000000,2274184.207109,10431743.475939,9,1.042100e+02,3.990879e-02,1.000000,1,1.041701e+02
MW-117M,4134.000000,2274184.207109,10431743.475939,9,1.019400e+02,3.175108e-02,1.000000,1,1.019082e+02
MW-117M,4525.000000,2274184.207109,10431743.475939,9,8.495000e+01,1.879279e-02,1.000000,1,8.493121e+01
MW-117M,4882.000000,2274184.207109,10431743.475939,9,8.948000e+01,1.193270e-02,1.000000,1,8.946807e+01
MW-117M,5259.000000,2274184.207109,10431743.475939,9,1.444200e+02,8.143652e-03,1.000000,1,1.444119e+02
MW-117M,5811.000000,2274184.207109,10431743.475939,9,1.784000e+02,6.855853e-03,1.000000,1,1.783931e+02
MW-117M,5982.000000,2274184.207109,10431743.475939,9,1.364900e+02,7.133060e-03,1.000000,1,1.364829e+02
MW-117M,6357.000000,2274184.207109,10431743.475939,9,1.237400e+02,8.654798e-03,1.000000,1,1.237313e+02
MW-117S,3961.000000,2274207.908978,10431764.271309,6,3.426000e+01,1.305562e-01,1.000000,1,3.412944e+01
MW-117S,4134.000000,2274207.908978,10431764.271309,6,3.171000e+01,1.205131e-01,1.000000,1,3.158949e+01
MW-117S,4525.000000,2274207.908978,10431764.271309,6,3.002000e+01,1.209861e-01,1.000000,1,2.989901e+01
MW-117S,4883.000000,2274207.908978,10431764.271309,6,2.832000e+01,1.387084e-01,1.000000,1,2.818129e+01
MW-117S,5259.000000,2274207.908978,10431764.271309,6,3.738000e+01,1.504008e-01,1.000000,1,3.722960e+01
MW-117S,5811.000000,2274207.908978,10431764.271309,6,3.398000e+01,1.499001e-01,1.000000,1,3.383010e+01
MW-117S,5982.000000,2274207.908978,10431764.271309,6,3.794000e+01,1.468607e-01,1.000000,1,3.779314e+01
MW-117S,6211.000000,2274207.908978,10431764.271309,6,3.228000e+01,1.422977e-01,1.000000,1,3.213770e+01
MW-119,3787.000000,2271195.721041,10436714.564442,11,1.733000e+02,1.789899e+01,1.000000,1,1.554010e+02
MW-119,4528.000000,2271195.721041,10436714.564442,11,1.925500e+02,1.385273e+01,1.000000,1,1.786973e+02
MW-119,4884.000000,2271195.721041,10436714.564442,11,2.038800e+02,1.080931e+01,1.000000,1,1.930707e+02
MW-119,5259.000000,2271195.721041,10436714.564442,11,2.412600e+02,1.362743e+01,1.000000,1,2.276326e+02
MW-119,5805.000000,2271195.721041,10436714.564442,11,2.310700e+02,1.321986e+01,1.000000,1,2.178501e+02
MW-119,5982.000000,2271195.721041,10436714.564442,11,2.313500e+02,1.287570e+01,1.000000,1,2.184743e+02
MW-119,6210.000000,2271195.721041,10436714.564442,11,2.712800e+02,1.292661e+01,1.000000,1,2.583534e+02
MW-120,3787.000000,2277741.245724,10429195.340587,9,2.700000e-01,5.551115e-17,1.000000,1,2.700000e-01
MW-120,4133.000000,2277741.245724,10429195.340587,9,1.500000e-01,1.110223e-16,1.000000,1,1.500000e-01
MW-120,4527.000000,2277741.245724,10429195.340587,9,2.200000e-01,2.220446e-16,1.000000,1,2.200000e-01
MW-120,4883.000000,2277741.245724,10429195.340587,9,1.400000e-01,3.885781e-16,1.000000,1,1.400000e-01
MW-120,5260.000000,2277741.245724,10429195.340587,9,1.400000e-01,6.383782e-16,1.000000,1,1.400000e-01
MW-120,5806.000000,2277741.245724,10429195.340587,9,2.100000e-01,1.221245e-15,1.000000,1,2.100000e-01
MW-120,5983.000000,2277741.245724,10429195.340587,9,3.500000e-01,1.498801e-15,1.000000,1,3.500000e-01
MW-120,6357.000000,2277741.245724,10429195.340587,9,1.500000e-01,2.275957e-15,1.000000,1,1.500000e-01
MW-123,5262.000000,2273369.750990,10431651.613983,12,5.100000e+00,2.119978e-04,1.000000,1,5.099788e+00
MW-123,5730.000000,2273369.750990,10431651.613983,12,5.100000e+00,1.702089e-04,1.000000,1,5.099830e+00
MW-123,5903.000000,2273369.750990,10431651.613983,12,5.070000e+00,1.515156e-04,1.000000,1,5.069848e+00
MW-123,6212.000000,2273369.750990,10431651.613983,12,5.580000e+00,1.167969e-04,1.000000,1,5.579883e+00
MW-124,5435.000000,2269328.367034,10437539.187917,9,4.470000e+00,5.743407e+00,1.000000,1,-1.273407e+00
MW-124,5805.000000,2269328.367034,10437539.187917,9,1.051000e+01,1.722801e+01,1.000000,1,-6.718010e+00
MW-124,5902.000000,2269328.367034,10437539.187917,9,1.051000e+01,2.119869e+01,1.000000,1,-1.068869e+01
MW-124,6471.000000,2269328.367034,10437539.187917,9,1.339000e+01,4.618387e+01,1.000000,1,-3.279387e+01
MW-129,5262.000000,2271464.594529,10435944.200452,12,1.600000e-01,1.019782e-07,1.000000,1,1.599999e-01
MW-129,5532.000000,2271464.594529,10435944.200452,12,9.000000e-02,3.998430e-07,1.000000,1,8.999960e-02
MW-129,6206.000000,2271464.594529,10435944.200452,12,8.000000e-02,1.369888e-05,1.000000,1,7.998630e-02
MW-129,6351.000000,2271464.594529,10435944.200452,12,1.200000e-01,2.137218e-05,1.000000,1,1.199786e-01
MW-13,169.000000,2276337.015947,10430334.060765,11,1.130000e+00,1.007198e+00,1.000000,1,1.228024e-01
MW-13,394.000000,2276337.015947,10430334.060765,11,6.500000e-01,1.043143e+00,1.000000,1,-3.931426e-01
MW-13,850.000000,2276337.015947,10430334.060765,11,4.700000e-01,1.553123e+00,1.000000,1,-1.083123e+00
MW-13,1388.000000,2276337.015947,10430334.060765,11,6.100000e-01,1.820842e+00,1.000000,1,-1.210842e+00
MW-13,1542.000000,2276337.015947,10430334.060765,11,1.030000e+00,1.866482e+00,1.000000,1,-8.364817e-01
MW-13,2123.000000,2276337.015947,10430334.060765,11,4.400000e-01,1.983050e+00,1.000000,1,-1.543050e+00
MW-13,2522.000000,2276337.015947,10430334.060765,11,4.800000e-01,2.039168e+00,1.000000,1,-1.559168e+00
MW-13,2642.000000,2276337.015947,10430334.060765,11,3.300000e-01,2.051543e+00,1.000000,1,-1.721543e+00
MW-13,3061.000000,2276337.015947,10430334.060765,11,4.000000e-01,2.081833e+00,1.000000,1,-1.681833e+00
MW-13,3443.000000,2276337.015947,10430334.060765,11,3.400000e-01,2.087712e+00,1.000000,1,-1.747712e+00
MW-13,3786.000000,2276337.015947,10430334.060765,11,3.300000e-01,2.095225e+00,1.000000,1,-1.765225e+00
MW-13,4134.000000,2276337.015947,10430334.060765,11,4.000000e-01,2.112477e+00,1.000000,1,-1.712477e+00
MW-13,4527.000000,2276337.015947,10430334.060765,11,3.000000e-01,2.092343e+00,1.000000,1,-1.792343e+00
MW-13,4883.000000,2276337.015947,10430334.060765,11,2.800000e-01,2.028983e+00,1.000000,1,-1.748983e+00
MW-13,5351.000000,2276337.015947,10430334.060765,11,3.000000e-01,1.919571e+00,1.000000,1,-1.619571e+00
MW-13,5609.000000,2276337.015947,10430334.060765,11,2.700000e-01,1.879627e+00,1.000000,1,-1.609627e+00
MW-13,5983.000000,2276337.015947,10430334.060765,11,3.100000e-01,1.842398e+00,1.000000,1,-1.532398e+00
MW-13,6351.000000,2276337.015947,10430334.060765,11,3.700000e-01,1.817364e+00,1.000000,1,-1.447364e+00
MW-130,6472.000000,2268899.166514,10438682.482962,2,1.100000e-01,4.152234e-14,1.000000,1,1.100000e-01
MW-135,6358.000000,2268772.410292,10438507.375245,11,1.200000e-01,2.828057e-02,1.000000,1,9.171943e-02
MW-136,6206.000000,2271380.488567,10434832.990422,11,8.300000e-01,2.730839e-06,1.000000,1,8.299973e-01
MW-136,6472.000000,2271380.488567,10434832.990422,11,1.110000e+00,8.172367e-06,1.000000,1,1.109992e+00
MW-138D,6358.000000,2268694.238725,10437810.755021,11,4.420000e+00,1.186766e-03,1.000000,1,4.418813e+00
MW-138S,6092.000000,2268704.627752,10437799.674817,4,1.820000e+00,1.222644e-09,1.000000,1,1.820000e+00
MW-138S,6472.000000,2268704.627752,10437799.674817,4,4.470000e+00,2.258367e-07,1.000000,1,4.470000e+00
MW-139,6358.000000,2269079.459517,10438692.004256,8,1.200000e-01,4.793140e-04,1.000000,1,1.195207e-01
MW-5,121.000000,2279892.876875,10435512.990147,8,4.200000e-01,0.000000e+00,1.000000,1,4.200000e-01
MW-5,1025.000000,2279892.876875,10435512.990147,8,2.000000e-01,0.000000e+00,1.000000,1,2.000000e-01
MW-5,1387.000000,2279892.876875,10435512.990147,8,2.300000e-01,0.000000e+00,1.000000,1,2.300000e-01
MW-5,1542.000000,2279892.876875,10435512.990147,8,1.300000e+00,0.000000e+00,1.000000,1,1.300000e+00
MW-5,1829.000000,2279892.876875,10435512.990147,8,2.500000e-01,0.000000e+00,1.000000,1,2.500000e-01
MW-5,2200.000000,2279892.876875,10435512.990147,8,2.100000e-01,0.000000e+00,1.000000,1,2.100000e-01
MW-5,2915.000000,2279892.876875,10435512.990147,8,2.100000e-01,0.000000e+00,1.000000,1,2.100000e-01
MW-5,3061.000000,2279892.876875,10435512.990147,8,2.300000e-01,0.000000e+00,1.000000,1,2.300000e-01
MW-5,3442.000000,2279892.876875,10435512.990147,8,2.400000e-01,0.000000e+00,1.000000,1,2.400000e-01
MW-5,3784.000000,2279892.876875,10435512.990147,8,3.700000e-01,0.000000e+00,1.000000,1,3.700000e-01
MW-5,4167.000000,2279892.876875,10435512.990147,8,2.700000e-01,0.000000e+00,1.000000,1,2.700000e-01
MW-5,4528.000000,2279892.876875,10435512.990147,8,2.700000e-01,0.000000e+00,1.000000,1,2.700000e-01
MW-5,4883.000000,2279892.876875,10435512.990147,8,2.300000e-01,0.000000e+00,1.000000,1,2.300000e-01
MW-5,5260.000000,2279892.876875,10435512.990147,8,2.500000e-01,0.000000e+00,1.000000,1,2.500000e-01
MW-5,5811.000000,2279892.876875,10435512.990147,8,2.300000e-01,0.000000e+00,1.000000,1,2.300000e-01
MW-5,5986.000000,2279892.876875,10435512.990147,8,2.100000e-01,0.000000e+00,1.000000,1,2.100000e-01
MW-5,6212.000000,2279892.876875,10435512.990147,8,2.200000e-01,0.000000e+00,1.000000,1,2.200000e-01
RL-1,298.000000,2273426.574733,10436180.031228,11,1.146830e+03,1.404709e+02,1.000000,1,1.006359e+03
RL-1,641.000000,2273426.574733,10436180.031228,11,9.203000e+02,2.248074e+02,1.000000,1,6.954926e+02
RL-1,1027.000000,2273426.574733,10436180.031228,11,1.254720e+03,2.693852e+02,1.000000,1,9.853348e+02
RL-1,1387.000000,2273426.574733,10436180.031228,11,8.580000e+02,2.643147e+02,1.000000,1,5.936853e+02
RL-1,1471.000000,2273426.574733,10436180.031228,11,1.107190e+03,2.646672e+02,1.000000,1,8.425228e+02
RL-1,1964.000000,2273426.574733,10436180.031228,11,1.333720e+03,4.699131e+02,1.000000,1,8.638069e+02
RL-1,2202.000000,2273426.574733,10436180.031228,11,1.262930e+03,6.627491e+02,1.000000,1,6.001809e+02
RL-1,2830.000000,2273426.574733,10436180.031228,11,1.311070e+03,1.098431e+03,1.000000,1,2.126386e+02
RL-1,3208.000000,2273426.574733,10436180.031228,11,1.401680e+03,1.224015e+03,1.000000,1,1.776647e+02
RL-1,3529.000000,2273426.574733,10436180.031228,11,1.410180e+03,1.276770e+03,1.000000,1,1.334100e+02
RL-1,3962.000000,2273426.574733,10436180.031228,11,1.432830e+03,1.302663e+03,1.000000,1,1.301675e+02
RL-1,4258.000000,2273426.574733,10436180.031228,11,1.359210e+03,1.261004e+03,1.000000,1,9.820580e+01
RL-1,4441.000000,2273426.574733,10436180.031228,11,1.254440e+03,1.205669e+03,1.000000,1,4.877138e+01
RL-1,5077.000000,2273426.574733,10436180.031228,11,1.285580e+03,1.038165e+03,1.000000,1,2.474153e+02
RL-1,5261.000000,2273426.574733,10436180.031228,11,1.316730e+03,1.056189e+03,1.000000,1,2.605405e+02
RL-1,5609.000000,2273426.574733,10436180.031228,11,1.345050e+03,1.033500e+03,1.000000,1,3.115504e+02
RL-1,6092.000000,2273426.574733,10436180.031228,11,1.288420e+03,9.026370e+02,1.000000,1,3.857830e+02
RL-1,6210.000000,2273426.574733,10436180.031228,11,1.330890e+03,8.819805e+02,1.000000,1,4.489095e+02
RL-3,298.000000,2272829.669164,10436743.166238,11,7.815400e+02,2.811271e-02,1.000000,1,7.815119e+02
RL-3,396.000000,2272829.669164,10436743.166238,11,9.956200e+02,4.513381e-02,1.000000,1,9.955749e+02
RL-3,893.000000,2272829.669164,10436743.166238,11,8.364800e+02,1.051275e+00,1.000000,1,8.354287e+02
RL-3,1292.000000,2272829.669164,10436743.166238,11,6.965900e+02,3.738965e+00,1.000000,1,6.928510e+02
RL-3,1752.000000,2272829.669164,10436743.166238,11,7.334100e+02,6.437774e+00,1.000000,1,7.269722e+02
RL-3,1963.000000,2272829.669164,10436743.166238,11,7.645500e+02,6.901273e+00,1.000000,1,7.576487e+02
RL-3,2263.000000,2272829.669164,10436743.166238,11,6.371300e+02,8.041629e+00,1.000000,1,6.290884e+02
RL-3,2916.000000,2272829.669164,10436743.166238,11,7.702200e+02,2.811489e+01,1.000000,1,7.421051e+02
RL-3,3061.000000,2272829.669164,10436743.166238,11,7.249100e+02,4.005493e+01,1.000000,1,6.848551e+02
RL-3,3445.000000,2272829.669164,10436743.166238,11,9.854300e+02,7.513030e+01,1.000000,1,9.102997e+02
RL-3,3959.000000,2272829.669164,10436743.166238,11,1.002420e+03,1.251654e+02,1.000000,1,8.772546e+02
RL-3,4168.000000,2272829.669164,10436743.166238,11,9.259600e+02,1.410478e+02,1.000000,1,7.849122e+02
RL-3,4524.000000,2272829.669164,10436743.166238,11,7.164200e+02,1.594532e+02,1.000000,1,5.569668e+02
RL-3,4883.000000,2272829.669164,10436743.166238,11,8.211900e+02,1.692504e+02,1.000000,1,6.519396e+02
RL-3,5261.000000,2272829.669164,10436743.166238,11,8.863200e+02,1.812253e+02,1.000000,1,7.050947e+02
RL-3,5609.000000,2272829.669164,10436743.166238,11,1.158160e+03,1.846940e+02,1.000000,1,9.734660e+02
RL-3,6092.000000,2272829.669164,10436743.166238,11,1.081700e+03,1.685549e+02,1.000000,1,9.131451e+02
RL-3,6275.000000,2272829.669164,10436743.166238,11,1.076040e+03,1.662572e+02,1.000000,1,9.097828e+02
RL-4,170.000000,2271869.105406,10437573.850393,11,1.400000e-01,3.110894e-10,1.000000,1,1.400000e-01
RL-4,640.000000,2271869.105406,10437573.850393,11,1.100000e-01,6.538384e-07,1.000000,1,1.099993e-01
RL-4,1025.000000,2271869.105406,10437573.850393,11,1.100000e-01,1.871546e-04,1.000000,1,1.098128e-01
RL-4,1387.000000,2271869.105406,10437573.850393,11,3.100000e-01,5.874359e-03,1.000000,1,3.041256e-01
RL-4,1541.000000,2271869.105406,10437573.850393,11,1.900000e+00,1.357755e-02,1.000000,1,1.886422e+00
RL-4,1829.000000,2271869.105406,10437573.850393,11,1.300000e-01,3.613485e-02,1.000000,1,9.386515e-02
RL-4,2264.000000,2271869.105406,10437573.850393,11,3.400000e-01,6.414034e-02,1.000000,1,2.758597e-01
RL-4,2641.000000,2271869.105406,10437573.850393,11,1.000000e-01,6.845076e-02,1.000000,1,3.154924e-02
RL-4,3061.000000,2271869.105406,10437573.850393,11,1.700000e-01,6.759287e-02,1.000000,1,1.024071e-01
RL-4,3595.000000,2271869.105406,10437573.850393,11,9.000000e-02,9.261909e-02,1.000000,1,-2.619091e-03
RL-4,3784.000000,2271869.105406,10437573.850393,11,1.800000e-01,1.100417e-01,1.000000,1,6.995832e-02
RL-4,4168.000000,2271869.105406,10437573.850393,11,1.800000e-01,1.384315e-01,1.000000,1,4.156854e-02
RL-4,4526.000000,2271869.105406,10437573.850393,11,1.460000e+00,1.593951e-01,1.000000,1,1.300605e+00
RL-4,4881.000000,2271869.105406,10437573.850393,11,8.000000e-02,2.777967e-01,1.000000,1,-1.977967e-01
RL-4,5261.000000,2271869.105406,10437573.850393,11,9.000000e-02,7.763515e-01,1.000000,1,-6.863515e-01
RL-4,5811.000000,2271869.105406,10437573.850393,11,9.000000e-02,2.425481e+00,1.000000,1,-2.335481e+00
RL-4,5981.000000,2271869.105406,10437573.850393,11,1.100000e-01,3.116289e+00,1.000000,1,-3.006289e+00
RL-4,6352.000000,2271869.105406,10437573.850393,11,9.000000e-02,4.755820e+00,1.000000,1,-4.665820e+00
RL-5,121.000000,2272899.085541,10437697.870024,12,1.400000e-01,3.619948e-05,1.000000,1,1.399638e-01
RL-5,640.000000,2272899.085541,10437697.870024,12,1.100000e-01,3.688467e-04,1.000000,1,1.096312e-01
RL-5,1025.000000,2272899.085541,10437697.870024,12,1.700000e-01,7.999200e-04,1.000000,1,1.692001e-01
RL-5,1291.000000,2272899.085541,10437697.870024,12,1.020000e+00,1.011471e-03,1.000000,1,1.018989e+00
RL-5,1541.000000,2272899.085541,10437697.870024,12,5.210000e+00,1.146841e-03,1.000000,1,5.208853e+00
RL-5,1829.000000,2272899.085541,10437697.870024,12,1.000000e-01,1.214804e-03,1.000000,1,9.878520e-02
RL-5,2263.000000,2272899.085541,10437697.870024,12,1.200000e-01,1.584189e-03,1.000000,1,1.184158e-01
RL-5,2914.000000,2272899.085541,10437697.870024,12,1.100000e-01,1.417801e-03,1.000000,1,1.085822e-01
RL-5,3063.000000,2272899.085541,10437697.870024,12,6.000000e-02,1.335871e-03,1.000000,1,5.866413e-02
RL-5,3595.000000,2272899.085541,10437697.870024,12,6.000000e-02,1.083401e-03,1.000000,1,5.891660e-02
RL-5,3959.000000,2272899.085541,10437697.870024,12,6.000000e-02,9.764004e-04,1.000000,1,5.902360e-02
RL-5,4168.000000,2272899.085541,10437697.870024,12,1.000000e-01,9.283494e-04,1.000000,1,9.907165e-02
RL-5,4526.000000,2272899.085541,10437697.870024,12,3.700000e-01,8.688735e-04,1.000000,1,3.691311e-01
RL-5,4882.000000,2272899.085541,10437697.870024,12,7.000000e-02,8.546590e-04,1.000000,1,6.914534e-02
RL-5,5261.000000,2272899.085541,10437697.870024,12,6.000000e-02,9.029759e-04,1.000000,1,5.909702e-02
RL-5,5811.000000,2272899.085541,10437697.870024,12,6.000000e-02,1.108092e-03,1.000000,1,5.889191e-02
RL-5,5981.000000,2272899.085541,10437697.870024,12,8.000000e-02,1.170308e-03,1.000000,1,7.882969e-02
RL-5,6351.000000,2272899.085541,10437697.870024,12,5.000000e-02,1.373193e-03,1.000000,1,4.862681e-02
UW-1,3443.000000,2276830.847886,10429801.076705,8,7.400000e-01,7.496065e-08,1.000000,1,7.399999e-01
UW-1,3958.000000,2276830.847886,10429801.076705,8,7.300000e-01,1.286971e-07,1.000000,1,7.299999e-01
UW-1,4527.000000,2276830.847886,10429801.076705,8,6.500000e-01,2.061461e-07,1.000000,1,6.499998e-01
UW-1,4883.000000,2276830.847886,10429801.076705,8,6.000000e-01,2.634753e-07,1.000000,1,5.999997e-01
UW-1,5259.000000,2276830.847886,10429801.076705,8,6.200000e-01,3.330637e-07,1.000000,1,6.199997e-01
UW-1,5609.000000,2276830.847886,10429801.076705,8,7.200000e-01,4.057628e-07,1.000000,1,7.199996e-01
UW-1,5986.000000,2276830.847886,10429801.076705,8,6.200000e-01,4.877837e-07,1.000000,1,6.199995e-01
UW-1,6357.000000,2276830.847886,10429801.076705,8,7.300000e-01,5.681781e-07,1.000000,1,7.299994e-01
Residual Mean,162.733171
Absolute Residual Mean,213.043382
Residual Std. Deviation,428.803787
Sum of Squares,83603403.444151
RMS Error,468.435166
Min. Residual,-1140.022199
Max. Residual,2481.142927
Number of Observations,381
Range in Observations,4672.220000
Scaled Residual Std. Deviation,0.091777
Scaled Absolute Residual Mean,0.045598
Scaled RMS Error,0.100260
Scaled Residual Mean,0.034830
